"0","library(tidyverse)"
"2","Registered S3 methods overwritten by 'dbplyr':
  method         from
  print.tbl_lazy     
  print.tbl_sql      
"
"2","[37mâ”€â”€ [1mAttaching packages[22m â”€â”€â”€â”€â”€â”€â”€â”€â”€â”€â”€â”€â”€â”€â”€â”€â”€â”€â”€â”€â”€â”€â”€â”€â”€â”€â”€â”€â”€â”€â”€â”€â”€â”€â”€â”€â”€â”€â”€â”€â”€â”€â”€â”€â”€â”€â”€â”€â”€â”€â”€â”€â”€â”€â”€â”€â”€â”€â”€â”€â”€ tidyverse 1.3.1 â”€â”€[39m
"
"2","[37m[32mâœ“[37m [34mggplot2[37m 3.3.5     [32mâœ“[37m [34mpurrr  [37m 0.3.4
[32mâœ“[37m [34mtibble [37m 3.1.6     [32mâœ“[37m [34mdplyr  [37m 1.0.7
[32mâœ“[37m [34mtidyr  [37m 1.1.4     [32mâœ“[37m [34mstringr[37m 1.4.0
[32mâœ“[37m [34mreadr  [37m 2.1.1     [32mâœ“[37m [34mforcats[37m 0.5.1[39m
"
"2","[37mâ”€â”€ [1mConflicts[22m â”€â”€â”€â”€â”€â”€â”€â”€â”€â”€â”€â”€â”€â”€â”€â”€â”€â”€â”€â”€â”€â”€â”€â”€â”€â”€â”€â”€â”€â”€â”€â”€â”€â”€â”€â”€â”€â”€â”€â”€â”€â”€â”€â”€â”€â”€â”€â”€â”€â”€â”€â”€â”€â”€â”€â”€â”€â”€â”€â”€â”€â”€â”€â”€ tidyverse_conflicts() â”€â”€
[31mx[37m [34mdplyr[37m::[32mfilter()[37m masks [34mstats[37m::filter()
[31mx[37m [34mdplyr[37m::[32mlag()[37m    masks [34mstats[37m::lag()[39m
"
"0","library(quantmod)"
"2","Loading required package: xts
"
"2","Loading required package: zoo
"
"2","
Attaching package: â€˜zooâ€™

"
"2","The following objects are masked from â€˜package:baseâ€™:

    as.Date, as.Date.numeric

"
"2","
Attaching package: â€˜xtsâ€™

"
"2","The following objects are masked from â€˜package:dplyrâ€™:

    first, last

"
"2","Loading required package: TTR
"
"2","Registered S3 method overwritten by 'quantmod':
  method            from
  as.zoo.data.frame zoo 
"
"0","library(PortfolioAnalytics)"
"2","Loading required package: foreach
"
"2","
Attaching package: â€˜foreachâ€™

"
"2","The following objects are masked from â€˜package:purrrâ€™:

    accumulate, when

"
"2","Loading required package: PerformanceAnalytics
"
"2","
Attaching package: â€˜PerformanceAnalyticsâ€™

"
"2","The following object is masked from â€˜package:graphicsâ€™:

    legend

"
"0","library(fPortfolio)"
"2","Loading required package: timeDate
"
"2","
Attaching package: â€˜timeDateâ€™

"
"2","The following objects are masked from â€˜package:PerformanceAnalyticsâ€™:

    kurtosis, skewness

"
"2","Loading required package: timeSeries
"
"2","
Attaching package: â€˜timeSeriesâ€™

"
"2","The following object is masked from â€˜package:zooâ€™:

    time<-

"
"2","Loading required package: fBasics
"
"2","
Attaching package: â€˜fBasicsâ€™

"
"2","The following object is masked from â€˜package:TTRâ€™:

    volatility

"
"2","Loading required package: fAssets
"
"0","library(PerformanceAnalytics)"
"0","library(readr)"
"0","library(psych)"
"2","
Attaching package: â€˜psychâ€™

"
"2","The following object is masked from â€˜package:fBasicsâ€™:

    tr

"
"2","The following object is masked from â€˜package:timeSeriesâ€™:

    outlier

"
"2","The following objects are masked from â€˜package:ggplot2â€™:

    %+%, alpha

"
"0","library(DEoptim)"
"2","Loading required package: parallel
"
"2","
DEoptim package
Differential Evolution algorithm in R
Authors: D. Ardia, K. Mullen, B. Peterson and J. Ulrich

"
"0","library(visdat)"
"0","library(ghyp)"
"2","Loading required package: numDeriv
"
"2","Loading required package: MASS
"
"2","
Attaching package: â€˜MASSâ€™

"
"2","The following object is masked from â€˜package:dplyrâ€™:

    select

"
